{"created_at":"2018-10-23T07:13:15.516Z","updated_at":"2018-10-24T07:55:10.377Z","title":"Session","uid":"session","_version":2,"inbuilt_class":false,"schema":[{"display_name":"Title","uid":"title","data_type":"text","field_metadata":{"_default":true},"unique":true,"mandatory":true,"multiple":false},{"data_type":"number","display_name":"Session Id","uid":"session_id","field_metadata":{"default_value":"","description":""},"unique":false,"mandatory":false,"multiple":false},{"data_type":"text","display_name":"Description","uid":"description","field_metadata":{"allow_rich_text":true,"description":"","multiline":false,"rich_text_type":"advanced","version":1},"multiple":false,"mandatory":false,"unique":false},{"data_type":"text","display_name":"Type","uid":"type","field_metadata":{"default_value":"","description":""},"unique":false,"mandatory":false,"multiple":false},{"data_type":"boolean","display_name":"Is Popular","uid":"is_popular","field_metadata":{"default_value":false,"description":""},"unique":false,"multiple":false,"mandatory":false},{"data_type":"isodate","display_name":"Start Time","uid":"start_time","startDate":null,"endDate":null,"field_metadata":{"description":"","default_value":""},"multiple":false,"mandatory":false,"unique":false},{"data_type":"isodate","display_name":"End Time","uid":"end_time","startDate":null,"endDate":null,"field_metadata":{"description":"","default_value":""},"multiple":false,"mandatory":false,"unique":false}],"last_activity":{"environments":[{"uid":"blt0aa8e5c062705525","details":[{"locale":"en-us","time":"2018-10-23T09:40:27.292Z"}]},{"uid":"blt47606c70984bd577","details":[{"locale":"en-us","time":"2018-10-08T12:47:19.230Z"}]},{"uid":"blt4f7436661ecbe351","details":[{"locale":"en-us","time":"2018-10-08T12:47:19.230Z"},{"locale":"en-gb","time":"2018-09-06T07:55:26.502Z"}]},{"uid":"bltfc855d946784a71e","details":[{"locale":"en-us","time":"2018-10-08T12:47:19.230Z"},{"locale":"en-gb","time":"2018-09-06T07:55:26.502Z"}]},{"uid":"blt0082c61a2173bca1","details":[{"locale":"en-us","time":"2018-10-08T13:03:27.325Z"},{"locale":"en-gb","time":"2018-09-06T12:23:29.803Z"}]},{"details":[{"time":"2016-08-02T07:00:53.538Z","locale":"en-us"}],"uid":"blt52bdaa5bcea72e74","name":"demo1"}]},"maintain_revisions":true,"description":"","options":{"singleton":false,"_version":1,"sub_title":[],"title":"title","is_page":false},"abilities":{"delete_all_objects":true,"delete_object":true,"update_object":true,"create_object":true,"get_all_objects":true,"get_one_object":true},"DEFAULT_ACL":[{"k":"others","v":{"read":false,"create":false}},{"k":"users.blte50d4668359ceb1e","v":{"read":true,"sub_acl":{"read":true}}}],"SYS_ACL":{"roles":[]}}